{"cameraMode":{"drawMode":2,"name":"Shaded Wireframe","section":"Shading Mode"},"sceneLighting":false,"audioPlay":false,"sceneViewState":{"showFog":true,"showMaterialUpdate":false,"showSkybox":true,"showFlares":true,"showImageEffects":true,"showParticleSystems":true},"in2DMode":false,"pivot":{"x":1.825850009918213,"y":1.7934837341308594,"z":1.3030836582183838},"rotation":{"x":0.17731189727783204,"y":0.2743440270423889,"z":-0.05154266953468323,"w":0.9437380433082581},"size":4.400466442108154,"orthographic":false}